<annotation>
    <folder>Ichihara</folder>
    <filename>Ichihara_20170929093307.jpg</filename>
    <size>
        <width>600</width>
        <height>600</height>
    </size>
    <segmented>0</segmented>
    <object>
        <name>D44</name>
        <bndbox>
            <xmin>435</xmin>
            <ymin>447</ymin>
            <xmax>593</xmax>
            <ymax>597</ymax>
        </bndbox>
    </object>
    <object>
        <name>D01</name>
        <bndbox>
            <xmin>110</xmin>
            <ymin>457</ymin>
            <xmax>238</xmax>
            <ymax>582</ymax>
        </bndbox>
    </object>
    <object>
        <name>D00</name>
        <bndbox>
            <xmin>253</xmin>
            <ymin>475</ymin>
            <xmax>322</xmax>
            <ymax>595</ymax>
        </bndbox>
    </object>
</annotation>