<annotation>
    <folder>Ichihara</folder>
    <filename>Ichihara_20170929093923.jpg</filename>
    <size>
        <width>600</width>
        <height>600</height>
    </size>
    <segmented>0</segmented>
    <object>
        <name>D44</name>
        <bndbox>
            <xmin>5</xmin>
            <ymin>399</ymin>
            <xmax>247</xmax>
            <ymax>575</ymax>
        </bndbox>
    </object>
    <object>
        <name>D44</name>
        <bndbox>
            <xmin>419</xmin>
            <ymin>414</ymin>
            <xmax>551</xmax>
            <ymax>532</ymax>
        </bndbox>
    </object>
</annotation>