<annotation>
    <folder>Ichihara</folder>
    <filename>Ichihara_20170929101330.jpg</filename>
    <size>
        <width>600</width>
        <height>600</height>
    </size>
    <segmented>0</segmented>
    <object>
        <name>D10</name>
        <bndbox>
            <xmin>1</xmin>
            <ymin>484</ymin>
            <xmax>151</xmax>
            <ymax>526</ymax>
        </bndbox>
    </object>
    <object>
        <name>D10</name>
        <bndbox>
            <xmin>213</xmin>
            <ymin>501</ymin>
            <xmax>558</xmax>
            <ymax>600</ymax>
        </bndbox>
    </object>
    <object>
        <name>D00</name>
        <bndbox>
            <xmin>202</xmin>
            <ymin>400</ymin>
            <xmax>302</xmax>
            <ymax>491</ymax>
        </bndbox>
    </object>
</annotation>