<annotation>
    <folder>Ichihara</folder>
    <filename>Ichihara_20170929094726.jpg</filename>
    <size>
        <width>600</width>
        <height>600</height>
    </size>
    <segmented>0</segmented>
    <object>
        <name>D20</name>
        <bndbox>
            <xmin>405</xmin>
            <ymin>392</ymin>
            <xmax>600</xmax>
            <ymax>564</ymax>
        </bndbox>
    </object>
    <object>
        <name>D20</name>
        <bndbox>
            <xmin>88</xmin>
            <ymin>394</ymin>
            <xmax>333</xmax>
            <ymax>593</ymax>
        </bndbox>
    </object>
</annotation>