<annotation>
    <folder>Ichihara</folder>
    <filename>Ichihara_20170929092034.jpg</filename>
    <size>
        <width>600</width>
        <height>600</height>
    </size>
    <segmented>0</segmented>
    <object>
        <name>D00</name>
        <bndbox>
            <xmin>419</xmin>
            <ymin>416</ymin>
            <xmax>598</xmax>
            <ymax>515</ymax>
        </bndbox>
    </object>
    <object>
        <name>D00</name>
        <bndbox>
            <xmin>255</xmin>
            <ymin>471</ymin>
            <xmax>332</xmax>
            <ymax>593</ymax>
        </bndbox>
    </object>
</annotation>