<annotation>
    <folder>Ichihara</folder>
    <filename>Ichihara_20170929101223.jpg</filename>
    <size>
        <width>600</width>
        <height>600</height>
    </size>
    <segmented>0</segmented>
    <object>
        <name>D00</name>
        <bndbox>
            <xmin>417</xmin>
            <ymin>430</ymin>
            <xmax>592</xmax>
            <ymax>597</ymax>
        </bndbox>
    </object>
    <object>
        <name>D00</name>
        <bndbox>
            <xmin>133</xmin>
            <ymin>465</ymin>
            <xmax>258</xmax>
            <ymax>596</ymax>
        </bndbox>
    </object>
    <object>
        <name>D00</name>
        <bndbox>
            <xmin>266</xmin>
            <ymin>434</ymin>
            <xmax>311</xmax>
            <ymax>499</ymax>
        </bndbox>
    </object>
</annotation>