<annotation>
    <folder>Ichihara</folder>
    <filename>Ichihara_20170929093146.jpg</filename>
    <size>
        <width>600</width>
        <height>600</height>
    </size>
    <segmented>0</segmented>
    <object>
        <name>D01</name>
        <bndbox>
            <xmin>367</xmin>
            <ymin>373</ymin>
            <xmax>596</xmax>
            <ymax>579</ymax>
        </bndbox>
    </object>
    <object>
        <name>D00</name>
        <bndbox>
            <xmin>257</xmin>
            <ymin>411</ymin>
            <xmax>309</xmax>
            <ymax>477</ymax>
        </bndbox>
    </object>
</annotation>