<annotation>
    <folder>Ichihara</folder>
    <filename>Ichihara_20170929095734.jpg</filename>
    <size>
        <width>600</width>
        <height>600</height>
    </size>
    <segmented>0</segmented>
    <object>
        <name>D44</name>
        <bndbox>
            <xmin>385</xmin>
            <ymin>387</ymin>
            <xmax>593</xmax>
            <ymax>540</ymax>
        </bndbox>
    </object>
    <object>
        <name>D00</name>
        <bndbox>
            <xmin>192</xmin>
            <ymin>481</ymin>
            <xmax>281</xmax>
            <ymax>596</ymax>
        </bndbox>
    </object>
</annotation>