<annotation>
    <folder>Ichihara</folder>
    <filename>Ichihara_20170929094713.jpg</filename>
    <size>
        <width>600</width>
        <height>600</height>
    </size>
    <segmented>0</segmented>
    <object>
        <name>D01</name>
        <bndbox>
            <xmin>418</xmin>
            <ymin>409</ymin>
            <xmax>600</xmax>
            <ymax>598</ymax>
        </bndbox>
    </object>
    <object>
        <name>D00</name>
        <bndbox>
            <xmin>398</xmin>
            <ymin>492</ymin>
            <xmax>479</xmax>
            <ymax>598</ymax>
        </bndbox>
    </object>
</annotation>