<annotation>
    <folder>Ichihara</folder>
    <filename>Ichihara_20170929091540.jpg</filename>
    <size>
        <width>600</width>
        <height>600</height>
    </size>
    <segmented>0</segmented>
    <object>
        <name>D01</name>
        <bndbox>
            <xmin>402</xmin>
            <ymin>411</ymin>
            <xmax>480</xmax>
            <ymax>474</ymax>
        </bndbox>
    </object>
    <object>
        <name>D01</name>
        <bndbox>
            <xmin>122</xmin>
            <ymin>417</ymin>
            <xmax>212</xmax>
            <ymax>474</ymax>
        </bndbox>
    </object>
    <object>
        <name>D44</name>
        <bndbox>
            <xmin>1</xmin>
            <ymin>475</ymin>
            <xmax>120</xmax>
            <ymax>561</ymax>
        </bndbox>
    </object>
    <object>
        <name>D44</name>
        <bndbox>
            <xmin>481</xmin>
            <ymin>474</ymin>
            <xmax>600</xmax>
            <ymax>571</ymax>
        </bndbox>
    </object>
</annotation>