<annotation>
    <folder>Ichihara</folder>
    <filename>Ichihara_20170929101348.jpg</filename>
    <size>
        <width>600</width>
        <height>600</height>
    </size>
    <segmented>0</segmented>
    <object>
        <name>D10</name>
        <bndbox>
            <xmin>409</xmin>
            <ymin>554</ymin>
            <xmax>600</xmax>
            <ymax>597</ymax>
        </bndbox>
    </object>
    <object>
        <name>D00</name>
        <bndbox>
            <xmin>314</xmin>
            <ymin>469</ymin>
            <xmax>367</xmax>
            <ymax>567</ymax>
        </bndbox>
    </object>
</annotation>