<annotation>
    <folder>Ichihara</folder>
    <filename>Ichihara_20170929092402.jpg</filename>
    <size>
        <width>600</width>
        <height>600</height>
    </size>
    <segmented>0</segmented>
    <object>
        <name>D01</name>
        <bndbox>
            <xmin>408</xmin>
            <ymin>399</ymin>
            <xmax>578</xmax>
            <ymax>536</ymax>
        </bndbox>
    </object>
    <object>
        <name>D11</name>
        <bndbox>
            <xmin>220</xmin>
            <ymin>464</ymin>
            <xmax>527</xmax>
            <ymax>509</ymax>
        </bndbox>
    </object>
    <object>
        <name>D44</name>
        <bndbox>
            <xmin>38</xmin>
            <ymin>464</ymin>
            <xmax>206</xmax>
            <ymax>600</ymax>
        </bndbox>
    </object>
</annotation>