<annotation>
    <folder>Ichihara</folder>
    <filename>Ichihara_20170929095220.jpg</filename>
    <size>
        <width>600</width>
        <height>600</height>
    </size>
    <segmented>0</segmented>
    <object>
        <name>D44</name>
        <bndbox>
            <xmin>451</xmin>
            <ymin>419</ymin>
            <xmax>580</xmax>
            <ymax>525</ymax>
        </bndbox>
    </object>
    <object>
        <name>D00</name>
        <bndbox>
            <xmin>129</xmin>
            <ymin>405</ymin>
            <xmax>300</xmax>
            <ymax>580</ymax>
        </bndbox>
    </object>
</annotation>