<annotation>
    <folder>Ichihara</folder>
    <filename>Ichihara_20170929092731.jpg</filename>
    <size>
        <width>600</width>
        <height>600</height>
    </size>
    <segmented>0</segmented>
    <object>
        <name>D44</name>
        <bndbox>
            <xmin>419</xmin>
            <ymin>399</ymin>
            <xmax>600</xmax>
            <ymax>540</ymax>
        </bndbox>
    </object>
    <object>
        <name>D00</name>
        <bndbox>
            <xmin>225</xmin>
            <ymin>514</ymin>
            <xmax>303</xmax>
            <ymax>600</ymax>
        </bndbox>
    </object>
</annotation>