<annotation>
    <folder>Ichihara</folder>
    <filename>Ichihara_20170929092644.jpg</filename>
    <size>
        <width>600</width>
        <height>600</height>
    </size>
    <segmented>0</segmented>
    <object>
        <name>D44</name>
        <bndbox>
            <xmin>72</xmin>
            <ymin>410</ymin>
            <xmax>292</xmax>
            <ymax>593</ymax>
        </bndbox>
    </object>
    <object>
        <name>D00</name>
        <bndbox>
            <xmin>229</xmin>
            <ymin>426</ymin>
            <xmax>316</xmax>
            <ymax>568</ymax>
        </bndbox>
    </object>
    <object>
        <name>D44</name>
        <bndbox>
            <xmin>399</xmin>
            <ymin>382</ymin>
            <xmax>600</xmax>
            <ymax>545</ymax>
        </bndbox>
    </object>
</annotation>