<annotation>
    <folder>Ichihara</folder>
    <filename>Ichihara_20170929101327.jpg</filename>
    <size>
        <width>600</width>
        <height>600</height>
    </size>
    <segmented>0</segmented>
    <object>
        <name>D00</name>
        <bndbox>
            <xmin>412</xmin>
            <ymin>370</ymin>
            <xmax>478</xmax>
            <ymax>428</ymax>
        </bndbox>
    </object>
    <object>
        <name>D00</name>
        <bndbox>
            <xmin>268</xmin>
            <ymin>372</ymin>
            <xmax>381</xmax>
            <ymax>593</ymax>
        </bndbox>
    </object>
</annotation>