<annotation>
    <folder>Ichihara</folder>
    <filename>Ichihara_20170929101155.jpg</filename>
    <size>
        <width>600</width>
        <height>600</height>
    </size>
    <segmented>0</segmented>
    <object>
        <name>D00</name>
        <bndbox>
            <xmin>1</xmin>
            <ymin>526</ymin>
            <xmax>111</xmax>
            <ymax>595</ymax>
        </bndbox>
    </object>
    <object>
        <name>D00</name>
        <bndbox>
            <xmin>366</xmin>
            <ymin>425</ymin>
            <xmax>463</xmax>
            <ymax>599</ymax>
        </bndbox>
    </object>
</annotation>