<annotation>
    <folder>Ichihara</folder>
    <filename>Ichihara_20170929091556.jpg</filename>
    <size>
        <width>600</width>
        <height>600</height>
    </size>
    <segmented>0</segmented>
    <object>
        <name>D44</name>
        <bndbox>
            <xmin>1</xmin>
            <ymin>385</ymin>
            <xmax>255</xmax>
            <ymax>600</ymax>
        </bndbox>
    </object>
    <object>
        <name>D00</name>
        <bndbox>
            <xmin>141</xmin>
            <ymin>401</ymin>
            <xmax>300</xmax>
            <ymax>595</ymax>
        </bndbox>
    </object>
</annotation>