<annotation>
    <folder>Ichihara</folder>
    <filename>Ichihara_20170929100137.jpg</filename>
    <size>
        <width>600</width>
        <height>600</height>
    </size>
    <segmented>0</segmented>
    <object>
        <name>D44</name>
        <bndbox>
            <xmin>37</xmin>
            <ymin>389</ymin>
            <xmax>305</xmax>
            <ymax>588</ymax>
        </bndbox>
    </object>
    <object>
        <name>D00</name>
        <bndbox>
            <xmin>98</xmin>
            <ymin>444</ymin>
            <xmax>309</xmax>
            <ymax>592</ymax>
        </bndbox>
    </object>
    <object>
        <name>D44</name>
        <bndbox>
            <xmin>413</xmin>
            <ymin>388</ymin>
            <xmax>597</xmax>
            <ymax>543</ymax>
        </bndbox>
    </object>
</annotation>