<annotation>
    <folder>Ichihara</folder>
    <filename>Ichihara_20170929092911.jpg</filename>
    <size>
        <width>600</width>
        <height>600</height>
    </size>
    <segmented>0</segmented>
    <object>
        <name>D44</name>
        <bndbox>
            <xmin>383</xmin>
            <ymin>380</ymin>
            <xmax>596</xmax>
            <ymax>584</ymax>
        </bndbox>
    </object>
    <object>
        <name>D44</name>
        <bndbox>
            <xmin>215</xmin>
            <ymin>466</ymin>
            <xmax>457</xmax>
            <ymax>599</ymax>
        </bndbox>
    </object>
</annotation>