<annotation>
    <folder>Ichihara</folder>
    <filename>Ichihara_20170929092735.jpg</filename>
    <size>
        <width>600</width>
        <height>600</height>
    </size>
    <segmented>0</segmented>
    <object>
        <name>D00</name>
        <bndbox>
            <xmin>264</xmin>
            <ymin>458</ymin>
            <xmax>321</xmax>
            <ymax>520</ymax>
        </bndbox>
    </object>
    <object>
        <name>D44</name>
        <bndbox>
            <xmin>402</xmin>
            <ymin>382</ymin>
            <xmax>598</xmax>
            <ymax>529</ymax>
        </bndbox>
    </object>
</annotation>