<annotation>
    <folder>Ichihara</folder>
    <filename>Ichihara_20170929093044.jpg</filename>
    <size>
        <width>600</width>
        <height>600</height>
    </size>
    <segmented>0</segmented>
    <object>
        <name>D44</name>
        <bndbox>
            <xmin>448</xmin>
            <ymin>434</ymin>
            <xmax>600</xmax>
            <ymax>562</ymax>
        </bndbox>
    </object>
    <object>
        <name>D01</name>
        <bndbox>
            <xmin>403</xmin>
            <ymin>396</ymin>
            <xmax>598</xmax>
            <ymax>567</ymax>
        </bndbox>
    </object>
</annotation>