<annotation>
    <folder>Ichihara</folder>
    <filename>Ichihara_20170929090732.jpg</filename>
    <size>
        <width>600</width>
        <height>600</height>
    </size>
    <segmented>0</segmented>
    <object>
        <name>D44</name>
        <bndbox>
            <xmin>195</xmin>
            <ymin>383</ymin>
            <xmax>301</xmax>
            <ymax>444</ymax>
        </bndbox>
    </object>
    <object>
        <name>D43</name>
        <bndbox>
            <xmin>6</xmin>
            <ymin>443</ymin>
            <xmax>600</xmax>
            <ymax>600</ymax>
        </bndbox>
    </object>
</annotation>