<annotation>
    <folder>Ichihara</folder>
    <filename>Ichihara_20170929093251.jpg</filename>
    <size>
        <width>600</width>
        <height>600</height>
    </size>
    <segmented>0</segmented>
    <object>
        <name>D01</name>
        <bndbox>
            <xmin>450</xmin>
            <ymin>428</ymin>
            <xmax>587</xmax>
            <ymax>552</ymax>
        </bndbox>
    </object>
    <object>
        <name>D00</name>
        <bndbox>
            <xmin>375</xmin>
            <ymin>418</ymin>
            <xmax>439</xmax>
            <ymax>554</ymax>
        </bndbox>
    </object>
    <object>
        <name>D00</name>
        <bndbox>
            <xmin>180</xmin>
            <ymin>504</ymin>
            <xmax>278</xmax>
            <ymax>593</ymax>
        </bndbox>
    </object>
</annotation>