<annotation>
    <folder>Ichihara</folder>
    <filename>Ichihara_20170929091627.jpg</filename>
    <size>
        <width>600</width>
        <height>600</height>
    </size>
    <segmented>0</segmented>
    <object>
        <name>D44</name>
        <bndbox>
            <xmin>3</xmin>
            <ymin>475</ymin>
            <xmax>588</xmax>
            <ymax>508</ymax>
        </bndbox>
    </object>
    <object>
        <name>D00</name>
        <bndbox>
            <xmin>122</xmin>
            <ymin>448</ymin>
            <xmax>243</xmax>
            <ymax>600</ymax>
        </bndbox>
    </object>
</annotation>