<annotation>
    <folder>Ichihara</folder>
    <filename>Ichihara_20170929101343.jpg</filename>
    <size>
        <width>600</width>
        <height>600</height>
    </size>
    <segmented>0</segmented>
    <object>
        <name>D00</name>
        <bndbox>
            <xmin>301</xmin>
            <ymin>505</ymin>
            <xmax>370</xmax>
            <ymax>592</ymax>
        </bndbox>
    </object>
    <object>
        <name>D10</name>
        <bndbox>
            <xmin>315</xmin>
            <ymin>487</ymin>
            <xmax>596</xmax>
            <ymax>520</ymax>
        </bndbox>
    </object>
    <object>
        <name>D00</name>
        <bndbox>
            <xmin>462</xmin>
            <ymin>384</ymin>
            <xmax>595</xmax>
            <ymax>514</ymax>
        </bndbox>
    </object>
</annotation>