<annotation>
    <folder>Ichihara</folder>
    <filename>Ichihara_20170929095939.jpg</filename>
    <size>
        <width>600</width>
        <height>600</height>
    </size>
    <segmented>0</segmented>
    <object>
        <name>D00</name>
        <bndbox>
            <xmin>223</xmin>
            <ymin>432</ymin>
            <xmax>308</xmax>
            <ymax>567</ymax>
        </bndbox>
    </object>
    <object>
        <name>D44</name>
        <bndbox>
            <xmin>448</xmin>
            <ymin>434</ymin>
            <xmax>599</xmax>
            <ymax>582</ymax>
        </bndbox>
    </object>
</annotation>