<annotation>
    <folder>Ichihara</folder>
    <filename>Ichihara_20170929101317.jpg</filename>
    <size>
        <width>600</width>
        <height>600</height>
    </size>
    <segmented>0</segmented>
    <object>
        <name>D01</name>
        <bndbox>
            <xmin>452</xmin>
            <ymin>393</ymin>
            <xmax>520</xmax>
            <ymax>441</ymax>
        </bndbox>
    </object>
    <object>
        <name>D00</name>
        <bndbox>
            <xmin>224</xmin>
            <ymin>453</ymin>
            <xmax>266</xmax>
            <ymax>503</ymax>
        </bndbox>
    </object>
</annotation>