<annotation>
    <folder>Ichihara</folder>
    <filename>Ichihara_20170929092954.jpg</filename>
    <size>
        <width>600</width>
        <height>600</height>
    </size>
    <segmented>0</segmented>
    <object>
        <name>D44</name>
        <bndbox>
            <xmin>437</xmin>
            <ymin>483</ymin>
            <xmax>544</xmax>
            <ymax>597</ymax>
        </bndbox>
    </object>
    <object>
        <name>D01</name>
        <bndbox>
            <xmin>409</xmin>
            <ymin>419</ymin>
            <xmax>450</xmax>
            <ymax>480</ymax>
        </bndbox>
    </object>
</annotation>