<annotation>
    <folder>Ichihara</folder>
    <filename>Ichihara_20170929094232.jpg</filename>
    <size>
        <width>600</width>
        <height>600</height>
    </size>
    <segmented>0</segmented>
    <object>
        <name>D01</name>
        <bndbox>
            <xmin>404</xmin>
            <ymin>383</ymin>
            <xmax>594</xmax>
            <ymax>466</ymax>
        </bndbox>
    </object>
    <object>
        <name>D10</name>
        <bndbox>
            <xmin>54</xmin>
            <ymin>519</ymin>
            <xmax>597</xmax>
            <ymax>587</ymax>
        </bndbox>
    </object>
</annotation>