<annotation>
    <folder>Ichihara</folder>
    <filename>Ichihara_20170929101304.jpg</filename>
    <size>
        <width>600</width>
        <height>600</height>
    </size>
    <segmented>0</segmented>
    <object>
        <name>D01</name>
        <bndbox>
            <xmin>210</xmin>
            <ymin>374</ymin>
            <xmax>318</xmax>
            <ymax>497</ymax>
        </bndbox>
    </object>
    <object>
        <name>D00</name>
        <bndbox>
            <xmin>51</xmin>
            <ymin>491</ymin>
            <xmax>220</xmax>
            <ymax>592</ymax>
        </bndbox>
    </object>
</annotation>