<annotation>
    <folder>Ichihara</folder>
    <filename>Ichihara_20170929091637.jpg</filename>
    <size>
        <width>600</width>
        <height>600</height>
    </size>
    <segmented>0</segmented>
    <object>
        <name>D44</name>
        <bndbox>
            <xmin>485</xmin>
            <ymin>470</ymin>
            <xmax>600</xmax>
            <ymax>553</ymax>
        </bndbox>
    </object>
    <object>
        <name>D44</name>
        <bndbox>
            <xmin>2</xmin>
            <ymin>467</ymin>
            <xmax>173</xmax>
            <ymax>599</ymax>
        </bndbox>
    </object>
    <object>
        <name>D00</name>
        <bndbox>
            <xmin>78</xmin>
            <ymin>433</ymin>
            <xmax>243</xmax>
            <ymax>593</ymax>
        </bndbox>
    </object>
</annotation>