<annotation>
    <folder>Ichihara</folder>
    <filename>Ichihara_20170929093914.jpg</filename>
    <size>
        <width>600</width>
        <height>600</height>
    </size>
    <segmented>0</segmented>
    <object>
        <name>D11</name>
        <bndbox>
            <xmin>224</xmin>
            <ymin>447</ymin>
            <xmax>531</xmax>
            <ymax>497</ymax>
        </bndbox>
    </object>
    <object>
        <name>D44</name>
        <bndbox>
            <xmin>475</xmin>
            <ymin>440</ymin>
            <xmax>600</xmax>
            <ymax>534</ymax>
        </bndbox>
    </object>
    <object>
        <name>D00</name>
        <bndbox>
            <xmin>53</xmin>
            <ymin>482</ymin>
            <xmax>249</xmax>
            <ymax>600</ymax>
        </bndbox>
    </object>
</annotation>