<annotation>
    <folder>Ichihara</folder>
    <filename>Ichihara_20170929101220.jpg</filename>
    <size>
        <width>600</width>
        <height>600</height>
    </size>
    <segmented>0</segmented>
    <object>
        <name>D00</name>
        <bndbox>
            <xmin>382</xmin>
            <ymin>381</ymin>
            <xmax>528</xmax>
            <ymax>587</ymax>
        </bndbox>
    </object>
    <object>
        <name>D00</name>
        <bndbox>
            <xmin>214</xmin>
            <ymin>473</ymin>
            <xmax>284</xmax>
            <ymax>578</ymax>
        </bndbox>
    </object>
</annotation>