<annotation>
    <folder>Ichihara</folder>
    <filename>Ichihara_20170929101027.jpg</filename>
    <size>
        <width>600</width>
        <height>600</height>
    </size>
    <segmented>0</segmented>
    <object>
        <name>D44</name>
        <bndbox>
            <xmin>449</xmin>
            <ymin>389</ymin>
            <xmax>600</xmax>
            <ymax>531</ymax>
        </bndbox>
    </object>
    <object>
        <name>D01</name>
        <bndbox>
            <xmin>345</xmin>
            <ymin>461</ymin>
            <xmax>372</xmax>
            <ymax>519</ymax>
        </bndbox>
    </object>
    <object>
        <name>D00</name>
        <bndbox>
            <xmin>233</xmin>
            <ymin>505</ymin>
            <xmax>281</xmax>
            <ymax>556</ymax>
        </bndbox>
    </object>
    <object>
        <name>D00</name>
        <bndbox>
            <xmin>282</xmin>
            <ymin>428</ymin>
            <xmax>332</xmax>
            <ymax>470</ymax>
        </bndbox>
    </object>
</annotation>