<annotation>
    <folder>Ichihara</folder>
    <filename>Ichihara_20170929093047.jpg</filename>
    <size>
        <width>600</width>
        <height>600</height>
    </size>
    <segmented>0</segmented>
    <object>
        <name>D44</name>
        <bndbox>
            <xmin>491</xmin>
            <ymin>470</ymin>
            <xmax>600</xmax>
            <ymax>560</ymax>
        </bndbox>
    </object>
    <object>
        <name>D00</name>
        <bndbox>
            <xmin>359</xmin>
            <ymin>394</ymin>
            <xmax>506</xmax>
            <ymax>560</ymax>
        </bndbox>
    </object>
</annotation>