<annotation>
    <folder>Ichihara</folder>
    <filename>Ichihara_20170929093523.jpg</filename>
    <size>
        <width>600</width>
        <height>600</height>
    </size>
    <segmented>0</segmented>
    <object>
        <name>D01</name>
        <bndbox>
            <xmin>335</xmin>
            <ymin>386</ymin>
            <xmax>600</xmax>
            <ymax>559</ymax>
        </bndbox>
    </object>
    <object>
        <name>D00</name>
        <bndbox>
            <xmin>179</xmin>
            <ymin>514</ymin>
            <xmax>237</xmax>
            <ymax>590</ymax>
        </bndbox>
    </object>
</annotation>