<annotation>
    <folder>Ichihara</folder>
    <filename>Ichihara_20170929093011.jpg</filename>
    <size>
        <width>600</width>
        <height>600</height>
    </size>
    <segmented>0</segmented>
    <object>
        <name>D44</name>
        <bndbox>
            <xmin>25</xmin>
            <ymin>397</ymin>
            <xmax>270</xmax>
            <ymax>599</ymax>
        </bndbox>
    </object>
    <object>
        <name>D01</name>
        <bndbox>
            <xmin>429</xmin>
            <ymin>414</ymin>
            <xmax>589</xmax>
            <ymax>561</ymax>
        </bndbox>
    </object>
</annotation>