<annotation>
    <folder>Ichihara</folder>
    <filename>Ichihara_20170929095755.jpg</filename>
    <size>
        <width>600</width>
        <height>600</height>
    </size>
    <segmented>0</segmented>
    <object>
        <name>D44</name>
        <bndbox>
            <xmin>411</xmin>
            <ymin>365</ymin>
            <xmax>600</xmax>
            <ymax>531</ymax>
        </bndbox>
    </object>
    <object>
        <name>D00</name>
        <bndbox>
            <xmin>411</xmin>
            <ymin>424</ymin>
            <xmax>533</xmax>
            <ymax>532</ymax>
        </bndbox>
    </object>
    <object>
        <name>D20</name>
        <bndbox>
            <xmin>152</xmin>
            <ymin>431</ymin>
            <xmax>363</xmax>
            <ymax>573</ymax>
        </bndbox>
    </object>
    <object>
        <name>D00</name>
        <bndbox>
            <xmin>256</xmin>
            <ymin>370</ymin>
            <xmax>324</xmax>
            <ymax>458</ymax>
        </bndbox>
    </object>
</annotation>