<annotation>
    <folder>Ichihara</folder>
    <filename>Ichihara_20170929094729.jpg</filename>
    <size>
        <width>600</width>
        <height>600</height>
    </size>
    <segmented>0</segmented>
    <object>
        <name>D20</name>
        <bndbox>
            <xmin>435</xmin>
            <ymin>434</ymin>
            <xmax>600</xmax>
            <ymax>562</ymax>
        </bndbox>
    </object>
    <object>
        <name>D20</name>
        <bndbox>
            <xmin>86</xmin>
            <ymin>394</ymin>
            <xmax>323</xmax>
            <ymax>600</ymax>
        </bndbox>
    </object>
</annotation>