<annotation>
    <folder>Ichihara</folder>
    <filename>Ichihara_20170929092408.jpg</filename>
    <size>
        <width>600</width>
        <height>600</height>
    </size>
    <segmented>0</segmented>
    <object>
        <name>D44</name>
        <bndbox>
            <xmin>25</xmin>
            <ymin>427</ymin>
            <xmax>246</xmax>
            <ymax>597</ymax>
        </bndbox>
    </object>
    <object>
        <name>D44</name>
        <bndbox>
            <xmin>425</xmin>
            <ymin>404</ymin>
            <xmax>600</xmax>
            <ymax>586</ymax>
        </bndbox>
    </object>
    <object>
        <name>D00</name>
        <bndbox>
            <xmin>178</xmin>
            <ymin>478</ymin>
            <xmax>267</xmax>
            <ymax>597</ymax>
        </bndbox>
    </object>
</annotation>