<annotation>
    <folder>Ichihara</folder>
    <filename>Ichihara_20170929092438.jpg</filename>
    <size>
        <width>600</width>
        <height>600</height>
    </size>
    <segmented>0</segmented>
    <object>
        <name>D44</name>
        <bndbox>
            <xmin>401</xmin>
            <ymin>398</ymin>
            <xmax>600</xmax>
            <ymax>574</ymax>
        </bndbox>
    </object>
    <object>
        <name>D44</name>
        <bndbox>
            <xmin>47</xmin>
            <ymin>414</ymin>
            <xmax>264</xmax>
            <ymax>595</ymax>
        </bndbox>
    </object>
    <object>
        <name>D00</name>
        <bndbox>
            <xmin>128</xmin>
            <ymin>428</ymin>
            <xmax>290</xmax>
            <ymax>593</ymax>
        </bndbox>
    </object>
</annotation>