<annotation>
    <folder>Ichihara</folder>
    <filename>Ichihara_20170929101054.jpg</filename>
    <size>
        <width>600</width>
        <height>600</height>
    </size>
    <segmented>0</segmented>
    <object>
        <name>D44</name>
        <bndbox>
            <xmin>6</xmin>
            <ymin>546</ymin>
            <xmax>596</xmax>
            <ymax>595</ymax>
        </bndbox>
    </object>
    <object>
        <name>D43</name>
        <bndbox>
            <xmin>114</xmin>
            <ymin>407</ymin>
            <xmax>596</xmax>
            <ymax>453</ymax>
        </bndbox>
    </object>
</annotation>