<annotation>
    <folder>Ichihara</folder>
    <filename>Ichihara_20170929094653.jpg</filename>
    <size>
        <width>600</width>
        <height>600</height>
    </size>
    <segmented>0</segmented>
    <object>
        <name>D44</name>
        <bndbox>
            <xmin>447</xmin>
            <ymin>453</ymin>
            <xmax>600</xmax>
            <ymax>600</ymax>
        </bndbox>
    </object>
    <object>
        <name>D00</name>
        <bndbox>
            <xmin>372</xmin>
            <ymin>394</ymin>
            <xmax>474</xmax>
            <ymax>469</ymax>
        </bndbox>
    </object>
</annotation>