<annotation>
    <folder>Ichihara</folder>
    <filename>Ichihara_20170929093049.jpg</filename>
    <size>
        <width>600</width>
        <height>600</height>
    </size>
    <segmented>0</segmented>
    <object>
        <name>D01</name>
        <bndbox>
            <xmin>355</xmin>
            <ymin>396</ymin>
            <xmax>600</xmax>
            <ymax>556</ymax>
        </bndbox>
    </object>
    <object>
        <name>D00</name>
        <bndbox>
            <xmin>334</xmin>
            <ymin>408</ymin>
            <xmax>457</xmax>
            <ymax>579</ymax>
        </bndbox>
    </object>
</annotation>