<annotation>
    <folder>Ichihara</folder>
    <filename>Ichihara_20170929101307.jpg</filename>
    <size>
        <width>600</width>
        <height>600</height>
    </size>
    <segmented>0</segmented>
    <object>
        <name>D00</name>
        <bndbox>
            <xmin>484</xmin>
            <ymin>559</ymin>
            <xmax>565</xmax>
            <ymax>593</ymax>
        </bndbox>
    </object>
    <object>
        <name>D01</name>
        <pose>Unspecified</pose>
        <truncated>0</truncated>
        <difficult>0</difficult>
        <bndbox>
            <xmin>133</xmin>
            <ymin>427</ymin>
            <xmax>290</xmax>
            <ymax>593</ymax>
        </bndbox>
    </object>
</annotation>