<annotation>
    <folder>Ichihara</folder>
    <filename>Ichihara_20170929094252.jpg</filename>
    <size>
        <width>600</width>
        <height>600</height>
    </size>
    <segmented>0</segmented>
    <object>
        <name>D11</name>
        <bndbox>
            <xmin>456</xmin>
            <ymin>419</ymin>
            <xmax>595</xmax>
            <ymax>442</ymax>
        </bndbox>
    </object>
    <object>
        <name>D01</name>
        <bndbox>
            <xmin>403</xmin>
            <ymin>360</ymin>
            <xmax>585</xmax>
            <ymax>591</ymax>
        </bndbox>
    </object>
</annotation>