<annotation>
    <folder>Ichihara</folder>
    <filename>Ichihara_20170929092635.jpg</filename>
    <size>
        <width>600</width>
        <height>600</height>
    </size>
    <segmented>0</segmented>
    <object>
        <name>D44</name>
        <bndbox>
            <xmin>431</xmin>
            <ymin>418</ymin>
            <xmax>600</xmax>
            <ymax>548</ymax>
        </bndbox>
    </object>
    <object>
        <name>D44</name>
        <bndbox>
            <xmin>71</xmin>
            <ymin>387</ymin>
            <xmax>306</xmax>
            <ymax>600</ymax>
        </bndbox>
    </object>
    <object>
        <name>D00</name>
        <bndbox>
            <xmin>209</xmin>
            <ymin>428</ymin>
            <xmax>304</xmax>
            <ymax>600</ymax>
        </bndbox>
    </object>
</annotation>