<annotation>
    <folder>Ichihara</folder>
    <filename>Ichihara_20170929093420.jpg</filename>
    <size>
        <width>600</width>
        <height>600</height>
    </size>
    <segmented>0</segmented>
    <object>
        <name>D00</name>
        <bndbox>
            <xmin>217</xmin>
            <ymin>393</ymin>
            <xmax>336</xmax>
            <ymax>494</ymax>
        </bndbox>
    </object>
    <object>
        <name>D00</name>
        <bndbox>
            <xmin>189</xmin>
            <ymin>514</ymin>
            <xmax>265</xmax>
            <ymax>593</ymax>
        </bndbox>
    </object>
    <object>
        <name>D01</name>
        <bndbox>
            <xmin>297</xmin>
            <ymin>398</ymin>
            <xmax>357</xmax>
            <ymax>592</ymax>
        </bndbox>
    </object>
</annotation>