<annotation>
    <folder>Ichihara</folder>
    <filename>Ichihara_20170929092618.jpg</filename>
    <size>
        <width>600</width>
        <height>600</height>
    </size>
    <segmented>0</segmented>
    <object>
        <name>D44</name>
        <bndbox>
            <xmin>373</xmin>
            <ymin>366</ymin>
            <xmax>510</xmax>
            <ymax>465</ymax>
        </bndbox>
    </object>
    <object>
        <name>D00</name>
        <bndbox>
            <xmin>511</xmin>
            <ymin>563</ymin>
            <xmax>593</xmax>
            <ymax>596</ymax>
        </bndbox>
    </object>
    <object>
        <name>D44</name>
        <bndbox>
            <xmin>66</xmin>
            <ymin>403</ymin>
            <xmax>275</xmax>
            <ymax>583</ymax>
        </bndbox>
    </object>
    <object>
        <name>D00</name>
        <bndbox>
            <xmin>188</xmin>
            <ymin>525</ymin>
            <xmax>266</xmax>
            <ymax>596</ymax>
        </bndbox>
    </object>
</annotation>