<annotation>
    <folder>Ichihara</folder>
    <filename>Ichihara_20170929101717.jpg</filename>
    <size>
        <width>600</width>
        <height>600</height>
    </size>
    <segmented>0</segmented>
    <object>
        <name>D44</name>
        <bndbox>
            <xmin>70</xmin>
            <ymin>373</ymin>
            <xmax>320</xmax>
            <ymax>598</ymax>
        </bndbox>
    </object>
    <object>
        <name>D00</name>
        <bndbox>
            <xmin>222</xmin>
            <ymin>422</ymin>
            <xmax>311</xmax>
            <ymax>570</ymax>
        </bndbox>
    </object>
</annotation>