<annotation>
    <folder>Ichihara</folder>
    <filename>Ichihara_20170929094241.jpg</filename>
    <size>
        <width>600</width>
        <height>600</height>
    </size>
    <segmented>0</segmented>
    <object>
        <name>D44</name>
        <bndbox>
            <xmin>477</xmin>
            <ymin>446</ymin>
            <xmax>600</xmax>
            <ymax>539</ymax>
        </bndbox>
    </object>
    <object>
        <name>D00</name>
        <bndbox>
            <xmin>196</xmin>
            <ymin>441</ymin>
            <xmax>300</xmax>
            <ymax>593</ymax>
        </bndbox>
    </object>
</annotation>