<annotation>
    <folder>Ichihara</folder>
    <filename>Ichihara_20170929095641.jpg</filename>
    <size>
        <width>600</width>
        <height>600</height>
    </size>
    <segmented>0</segmented>
    <object>
        <name>D44</name>
        <bndbox>
            <xmin>417</xmin>
            <ymin>408</ymin>
            <xmax>600</xmax>
            <ymax>592</ymax>
        </bndbox>
    </object>
    <object>
        <name>D00</name>
        <bndbox>
            <xmin>267</xmin>
            <ymin>457</ymin>
            <xmax>333</xmax>
            <ymax>595</ymax>
        </bndbox>
    </object>
</annotation>