<annotation>
    <folder>Ichihara</folder>
    <filename>Ichihara_20170929093927.jpg</filename>
    <size>
        <width>600</width>
        <height>600</height>
    </size>
    <segmented>0</segmented>
    <object>
        <name>D44</name>
        <bndbox>
            <xmin>8</xmin>
            <ymin>410</ymin>
            <xmax>246</xmax>
            <ymax>591</ymax>
        </bndbox>
    </object>
    <object>
        <name>D00</name>
        <bndbox>
            <xmin>137</xmin>
            <ymin>488</ymin>
            <xmax>217</xmax>
            <ymax>594</ymax>
        </bndbox>
    </object>
    <object>
        <name>D44</name>
        <bndbox>
            <xmin>436</xmin>
            <ymin>405</ymin>
            <xmax>600</xmax>
            <ymax>543</ymax>
        </bndbox>
    </object>
</annotation>