<annotation>
    <folder>Ichihara</folder>
    <filename>Ichihara_20170929101321.jpg</filename>
    <size>
        <width>600</width>
        <height>600</height>
    </size>
    <segmented>0</segmented>
    <object>
        <name>D10</name>
        <bndbox>
            <xmin>311</xmin>
            <ymin>448</ymin>
            <xmax>589</xmax>
            <ymax>482</ymax>
        </bndbox>
    </object>
    <object>
        <name>D10</name>
        <bndbox>
            <xmin>345</xmin>
            <ymin>539</ymin>
            <xmax>597</xmax>
            <ymax>558</ymax>
        </bndbox>
    </object>
    <object>
        <name>D00</name>
        <bndbox>
            <xmin>360</xmin>
            <ymin>451</ymin>
            <xmax>455</xmax>
            <ymax>592</ymax>
        </bndbox>
    </object>
    <object>
        <name>D00</name>
        <bndbox>
            <xmin>147</xmin>
            <ymin>448</ymin>
            <xmax>283</xmax>
            <ymax>597</ymax>
        </bndbox>
    </object>
</annotation>