<annotation>
    <folder>Ichihara</folder>
    <filename>Ichihara_20170929092150.jpg</filename>
    <size>
        <width>600</width>
        <height>600</height>
    </size>
    <segmented>0</segmented>
    <object>
        <name>D44</name>
        <bndbox>
            <xmin>422</xmin>
            <ymin>403</ymin>
            <xmax>599</xmax>
            <ymax>530</ymax>
        </bndbox>
    </object>
    <object>
        <name>D00</name>
        <bndbox>
            <xmin>399</xmin>
            <ymin>523</ymin>
            <xmax>465</xmax>
            <ymax>600</ymax>
        </bndbox>
    </object>
</annotation>