<annotation>
    <folder>Ichihara</folder>
    <filename>Ichihara_20170929093320.jpg</filename>
    <size>
        <width>600</width>
        <height>600</height>
    </size>
    <segmented>0</segmented>
    <object>
        <name>D00</name>
        <bndbox>
            <xmin>313</xmin>
            <ymin>491</ymin>
            <xmax>433</xmax>
            <ymax>597</ymax>
        </bndbox>
    </object>
    <object>
        <name>D20</name>
        <bndbox>
            <xmin>94</xmin>
            <ymin>396</ymin>
            <xmax>384</xmax>
            <ymax>589</ymax>
        </bndbox>
    </object>
</annotation>