<annotation>
    <folder>Ichihara</folder>
    <filename>Ichihara_20170929094224.jpg</filename>
    <size>
        <width>600</width>
        <height>600</height>
    </size>
    <segmented>0</segmented>
    <object>
        <name>D44</name>
        <bndbox>
            <xmin>1</xmin>
            <ymin>385</ymin>
            <xmax>253</xmax>
            <ymax>518</ymax>
        </bndbox>
    </object>
    <object>
        <name>D40</name>
        <bndbox>
            <xmin>6</xmin>
            <ymin>382</ymin>
            <xmax>600</xmax>
            <ymax>600</ymax>
        </bndbox>
    </object>
</annotation>