<annotation>
    <folder>Ichihara</folder>
    <filename>Ichihara_20170929095758.jpg</filename>
    <size>
        <width>600</width>
        <height>600</height>
    </size>
    <segmented>0</segmented>
    <object>
        <name>D44</name>
        <bndbox>
            <xmin>404</xmin>
            <ymin>386</ymin>
            <xmax>600</xmax>
            <ymax>579</ymax>
        </bndbox>
    </object>
    <object>
        <name>D00</name>
        <bndbox>
            <xmin>117</xmin>
            <ymin>436</ymin>
            <xmax>294</xmax>
            <ymax>598</ymax>
        </bndbox>
    </object>
</annotation>