<annotation>
    <folder>Ichihara</folder>
    <filename>Ichihara_20170929092720.jpg</filename>
    <size>
        <width>600</width>
        <height>600</height>
    </size>
    <segmented>0</segmented>
    <object>
        <name>D44</name>
        <bndbox>
            <xmin>387</xmin>
            <ymin>375</ymin>
            <xmax>600</xmax>
            <ymax>591</ymax>
        </bndbox>
    </object>
    <object>
        <name>D44</name>
        <bndbox>
            <xmin>1</xmin>
            <ymin>423</ymin>
            <xmax>244</xmax>
            <ymax>598</ymax>
        </bndbox>
    </object>
    <object>
        <name>D00</name>
        <bndbox>
            <xmin>169</xmin>
            <ymin>417</ymin>
            <xmax>295</xmax>
            <ymax>598</ymax>
        </bndbox>
    </object>
</annotation>