<annotation>
    <folder>Ichihara</folder>
    <filename>Ichihara_20170929093025.jpg</filename>
    <size>
        <width>600</width>
        <height>600</height>
    </size>
    <segmented>0</segmented>
    <object>
        <name>D01</name>
        <bndbox>
            <xmin>388</xmin>
            <ymin>386</ymin>
            <xmax>566</xmax>
            <ymax>533</ymax>
        </bndbox>
    </object>
    <object>
        <name>D44</name>
        <bndbox>
            <xmin>409</xmin>
            <ymin>403</ymin>
            <xmax>478</xmax>
            <ymax>459</ymax>
        </bndbox>
    </object>
</annotation>