<annotation>
    <folder>Ichihara</folder>
    <filename>Ichihara_20170929094438.jpg</filename>
    <size>
        <width>600</width>
        <height>600</height>
    </size>
    <segmented>0</segmented>
    <object>
        <name>D00</name>
        <bndbox>
            <xmin>359</xmin>
            <ymin>433</ymin>
            <xmax>449</xmax>
            <ymax>568</ymax>
        </bndbox>
    </object>
    <object>
        <name>D00</name>
        <bndbox>
            <xmin>161</xmin>
            <ymin>420</ymin>
            <xmax>332</xmax>
            <ymax>600</ymax>
        </bndbox>
    </object>
    <object>
        <name>D01</name>
        <bndbox>
            <xmin>386</xmin>
            <ymin>394</ymin>
            <xmax>491</xmax>
            <ymax>600</ymax>
        </bndbox>
    </object>
</annotation>