<annotation>
    <folder>Ichihara</folder>
    <filename>Ichihara_20170929101337.jpg</filename>
    <size>
        <width>600</width>
        <height>600</height>
    </size>
    <segmented>0</segmented>
    <object>
        <name>D00</name>
        <bndbox>
            <xmin>554</xmin>
            <ymin>421</ymin>
            <xmax>593</xmax>
            <ymax>452</ymax>
        </bndbox>
    </object>
    <object>
        <name>D00</name>
        <bndbox>
            <xmin>418</xmin>
            <ymin>377</ymin>
            <xmax>496</xmax>
            <ymax>440</ymax>
        </bndbox>
    </object>
    <object>
        <name>D00</name>
        <bndbox>
            <xmin>394</xmin>
            <ymin>419</ymin>
            <xmax>483</xmax>
            <ymax>556</ymax>
        </bndbox>
    </object>
    <object>
        <name>D00</name>
        <bndbox>
            <xmin>286</xmin>
            <ymin>400</ymin>
            <xmax>369</xmax>
            <ymax>600</ymax>
        </bndbox>
    </object>
</annotation>