<annotation>
    <folder>Ichihara</folder>
    <filename>Ichihara_20170929092610.jpg</filename>
    <size>
        <width>600</width>
        <height>600</height>
    </size>
    <segmented>0</segmented>
    <object>
        <name>D44</name>
        <bndbox>
            <xmin>2</xmin>
            <ymin>448</ymin>
            <xmax>200</xmax>
            <ymax>590</ymax>
        </bndbox>
    </object>
    <object>
        <name>D00</name>
        <bndbox>
            <xmin>364</xmin>
            <ymin>398</ymin>
            <xmax>524</xmax>
            <ymax>600</ymax>
        </bndbox>
    </object>
</annotation>