<annotation>
    <folder>Ichihara</folder>
    <filename>Ichihara_20170929094143.jpg</filename>
    <size>
        <width>600</width>
        <height>600</height>
    </size>
    <segmented>0</segmented>
    <object>
        <name>D00</name>
        <bndbox>
            <xmin>499</xmin>
            <ymin>499</ymin>
            <xmax>584</xmax>
            <ymax>589</ymax>
        </bndbox>
    </object>
    <object>
        <name>D00</name>
        <bndbox>
            <xmin>185</xmin>
            <ymin>520</ymin>
            <xmax>257</xmax>
            <ymax>588</ymax>
        </bndbox>
    </object>
</annotation>