<annotation>
    <folder>Ichihara</folder>
    <filename>Ichihara_20170929092936.jpg</filename>
    <size>
        <width>600</width>
        <height>600</height>
    </size>
    <segmented>0</segmented>
    <object>
        <name>D44</name>
        <bndbox>
            <xmin>496</xmin>
            <ymin>464</ymin>
            <xmax>600</xmax>
            <ymax>560</ymax>
        </bndbox>
    </object>
    <object>
        <name>D01</name>
        <bndbox>
            <xmin>429</xmin>
            <ymin>421</ymin>
            <xmax>511</xmax>
            <ymax>479</ymax>
        </bndbox>
    </object>
</annotation>