<annotation>
    <folder>Ichihara</folder>
    <filename>Ichihara_20170929093204.jpg</filename>
    <size>
        <width>600</width>
        <height>600</height>
    </size>
    <segmented>0</segmented>
    <object>
        <name>D44</name>
        <bndbox>
            <xmin>460</xmin>
            <ymin>418</ymin>
            <xmax>591</xmax>
            <ymax>515</ymax>
        </bndbox>
    </object>
    <object>
        <name>D01</name>
        <bndbox>
            <xmin>362</xmin>
            <ymin>370</ymin>
            <xmax>593</xmax>
            <ymax>547</ymax>
        </bndbox>
    </object>
</annotation>