<annotation>
    <folder>Ichihara</folder>
    <filename>Ichihara_20170929092434.jpg</filename>
    <size>
        <width>600</width>
        <height>600</height>
    </size>
    <segmented>0</segmented>
    <object>
        <name>D44</name>
        <bndbox>
            <xmin>46</xmin>
            <ymin>390</ymin>
            <xmax>302</xmax>
            <ymax>598</ymax>
        </bndbox>
    </object>
    <object>
        <name>D44</name>
        <bndbox>
            <xmin>421</xmin>
            <ymin>403</ymin>
            <xmax>600</xmax>
            <ymax>554</ymax>
        </bndbox>
    </object>
    <object>
        <name>D00</name>
        <bndbox>
            <xmin>184</xmin>
            <ymin>423</ymin>
            <xmax>297</xmax>
            <ymax>580</ymax>
        </bndbox>
    </object>
</annotation>