<annotation>
    <folder>Ichihara</folder>
    <filename>Ichihara_20170929090611.jpg</filename>
    <size>
        <width>600</width>
        <height>600</height>
    </size>
    <segmented>0</segmented>
    <object>
        <name>D00</name>
        <bndbox>
            <xmin>271</xmin>
            <ymin>402</ymin>
            <xmax>295</xmax>
            <ymax>439</ymax>
        </bndbox>
    </object>
    <object>
        <name>D00</name>
        <bndbox>
            <xmin>315</xmin>
            <ymin>382</ymin>
            <xmax>346</xmax>
            <ymax>414</ymax>
        </bndbox>
    </object>
    <object>
        <name>D00</name>
        <bndbox>
            <xmin>516</xmin>
            <ymin>401</ymin>
            <xmax>600</xmax>
            <ymax>494</ymax>
        </bndbox>
    </object>
    <object>
        <name>D00</name>
        <bndbox>
            <xmin>415</xmin>
            <ymin>411</ymin>
            <xmax>477</xmax>
            <ymax>474</ymax>
        </bndbox>
    </object>
</annotation>