<annotation>
    <folder>Ichihara</folder>
    <filename>Ichihara_20170929093316.jpg</filename>
    <size>
        <width>600</width>
        <height>600</height>
    </size>
    <segmented>0</segmented>
    <object>
        <name>D00</name>
        <bndbox>
            <xmin>77</xmin>
            <ymin>417</ymin>
            <xmax>274</xmax>
            <ymax>598</ymax>
        </bndbox>
    </object>
    <object>
        <name>D20</name>
        <bndbox>
            <xmin>389</xmin>
            <ymin>429</ymin>
            <xmax>560</xmax>
            <ymax>600</ymax>
        </bndbox>
    </object>
</annotation>