<annotation>
    <folder>Ichihara</folder>
    <filename>Ichihara_20170929094656.jpg</filename>
    <size>
        <width>600</width>
        <height>600</height>
    </size>
    <segmented>0</segmented>
    <object>
        <name>D00</name>
        <bndbox>
            <xmin>404</xmin>
            <ymin>434</ymin>
            <xmax>571</xmax>
            <ymax>594</ymax>
        </bndbox>
    </object>
    <object>
        <name>D00</name>
        <bndbox>
            <xmin>490</xmin>
            <ymin>427</ymin>
            <xmax>600</xmax>
            <ymax>503</ymax>
        </bndbox>
    </object>
    <object>
        <name>D44</name>
        <bndbox>
            <xmin>465</xmin>
            <ymin>438</ymin>
            <xmax>600</xmax>
            <ymax>567</ymax>
        </bndbox>
    </object>
</annotation>