<annotation>
    <folder>Ichihara</folder>
    <filename>Ichihara_20170929100326.jpg</filename>
    <size>
        <width>600</width>
        <height>600</height>
    </size>
    <segmented>0</segmented>
    <object>
        <name>D44</name>
        <bndbox>
            <xmin>3</xmin>
            <ymin>474</ymin>
            <xmax>183</xmax>
            <ymax>597</ymax>
        </bndbox>
    </object>
    <object>
        <name>D00</name>
        <bndbox>
            <xmin>471</xmin>
            <ymin>433</ymin>
            <xmax>592</xmax>
            <ymax>594</ymax>
        </bndbox>
    </object>
</annotation>