<annotation>
    <folder>Ichihara</folder>
    <filename>Ichihara_20170929092605.jpg</filename>
    <size>
        <width>600</width>
        <height>600</height>
    </size>
    <segmented>0</segmented>
    <object>
        <name>D44</name>
        <bndbox>
            <xmin>371</xmin>
            <ymin>376</ymin>
            <xmax>598</xmax>
            <ymax>524</ymax>
        </bndbox>
    </object>
    <object>
        <name>D44</name>
        <bndbox>
            <xmin>35</xmin>
            <ymin>410</ymin>
            <xmax>250</xmax>
            <ymax>595</ymax>
        </bndbox>
    </object>
</annotation>