<annotation>
    <folder>Ichihara</folder>
    <filename>Ichihara_20170929095222.jpg</filename>
    <size>
        <width>600</width>
        <height>600</height>
    </size>
    <segmented>0</segmented>
    <object>
        <name>D01</name>
        <bndbox>
            <xmin>420</xmin>
            <ymin>386</ymin>
            <xmax>449</xmax>
            <ymax>410</ymax>
        </bndbox>
    </object>
    <object>
        <name>D01</name>
        <bndbox>
            <xmin>530</xmin>
            <ymin>470</ymin>
            <xmax>595</xmax>
            <ymax>522</ymax>
        </bndbox>
    </object>
    <object>
        <name>D44</name>
        <bndbox>
            <xmin>450</xmin>
            <ymin>410</ymin>
            <xmax>534</xmax>
            <ymax>469</ymax>
        </bndbox>
    </object>
</annotation>