<annotation>
    <folder>Ichihara</folder>
    <filename>Ichihara_20170929092653.jpg</filename>
    <size>
        <width>600</width>
        <height>600</height>
    </size>
    <segmented>0</segmented>
    <object>
        <name>D40</name>
        <bndbox>
            <xmin>386</xmin>
            <ymin>370</ymin>
            <xmax>591</xmax>
            <ymax>505</ymax>
        </bndbox>
    </object>
    <object>
        <name>D00</name>
        <bndbox>
            <xmin>38</xmin>
            <ymin>448</ymin>
            <xmax>215</xmax>
            <ymax>589</ymax>
        </bndbox>
    </object>
    <object>
        <name>D00</name>
        <bndbox>
            <xmin>237</xmin>
            <ymin>416</ymin>
            <xmax>357</xmax>
            <ymax>588</ymax>
        </bndbox>
    </object>
</annotation>