<annotation>
    <folder>Ichihara</folder>
    <filename>Ichihara_20170929090636.jpg</filename>
    <size>
        <width>600</width>
        <height>600</height>
    </size>
    <segmented>0</segmented>
    <object>
        <name>D44</name>
        <bndbox>
            <xmin>459</xmin>
            <ymin>425</ymin>
            <xmax>594</xmax>
            <ymax>554</ymax>
        </bndbox>
    </object>
    <object>
        <name>D44</name>
        <bndbox>
            <xmin>197</xmin>
            <ymin>426</ymin>
            <xmax>250</xmax>
            <ymax>466</ymax>
        </bndbox>
    </object>
    <object>
        <name>D44</name>
        <bndbox>
            <xmin>316</xmin>
            <ymin>399</ymin>
            <xmax>390</xmax>
            <ymax>439</ymax>
        </bndbox>
    </object>
    <object>
        <name>D00</name>
        <bndbox>
            <xmin>223</xmin>
            <ymin>455</ymin>
            <xmax>295</xmax>
            <ymax>588</ymax>
        </bndbox>
    </object>
    <object>
        <name>D44</name>
        <bndbox>
            <xmin>1</xmin>
            <ymin>492</ymin>
            <xmax>147</xmax>
            <ymax>596</ymax>
        </bndbox>
    </object>
</annotation>