<annotation>
    <folder>Ichihara</folder>
    <filename>Ichihara_20170929094025.jpg</filename>
    <size>
        <width>600</width>
        <height>600</height>
    </size>
    <segmented>0</segmented>
    <object>
        <name>D44</name>
        <bndbox>
            <xmin>1</xmin>
            <ymin>455</ymin>
            <xmax>191</xmax>
            <ymax>582</ymax>
        </bndbox>
    </object>
    <object>
        <name>D44</name>
        <bndbox>
            <xmin>469</xmin>
            <ymin>453</ymin>
            <xmax>600</xmax>
            <ymax>558</ymax>
        </bndbox>
    </object>
    <object>
        <name>D43</name>
        <bndbox>
            <xmin>163</xmin>
            <ymin>410</ymin>
            <xmax>597</xmax>
            <ymax>450</ymax>
        </bndbox>
    </object>
</annotation>