<annotation>
    <folder>Ichihara</folder>
    <filename>Ichihara_20170929090600.jpg</filename>
    <size>
        <width>600</width>
        <height>600</height>
    </size>
    <segmented>0</segmented>
    <object>
        <name>D11</name>
        <bndbox>
            <xmin>327</xmin>
            <ymin>453</ymin>
            <xmax>566</xmax>
            <ymax>473</ymax>
        </bndbox>
    </object>
    <object>
        <name>D11</name>
        <bndbox>
            <xmin>332</xmin>
            <ymin>404</ymin>
            <xmax>545</xmax>
            <ymax>435</ymax>
        </bndbox>
    </object>
    <object>
        <name>D00</name>
        <bndbox>
            <xmin>150</xmin>
            <ymin>393</ymin>
            <xmax>294</xmax>
            <ymax>574</ymax>
        </bndbox>
    </object>
</annotation>