<annotation>
    <folder>Ichihara</folder>
    <filename>Ichihara_20170929093920.jpg</filename>
    <size>
        <width>600</width>
        <height>600</height>
    </size>
    <segmented>0</segmented>
    <object>
        <name>D44</name>
        <bndbox>
            <xmin>397</xmin>
            <ymin>388</ymin>
            <xmax>450</xmax>
            <ymax>422</ymax>
        </bndbox>
    </object>
    <object>
        <name>D44</name>
        <bndbox>
            <xmin>21</xmin>
            <ymin>388</ymin>
            <xmax>268</xmax>
            <ymax>594</ymax>
        </bndbox>
    </object>
    <object>
        <name>D00</name>
        <bndbox>
            <xmin>389</xmin>
            <ymin>441</ymin>
            <xmax>592</xmax>
            <ymax>600</ymax>
        </bndbox>
    </object>
    <object>
        <name>D00</name>
        <bndbox>
            <xmin>112</xmin>
            <ymin>429</ymin>
            <xmax>282</xmax>
            <ymax>600</ymax>
        </bndbox>
    </object>
</annotation>