<annotation>
    <folder>Ichihara</folder>
    <filename>Ichihara_20170929094244.jpg</filename>
    <size>
        <width>600</width>
        <height>600</height>
    </size>
    <segmented>0</segmented>
    <object>
        <name>D00</name>
        <bndbox>
            <xmin>451</xmin>
            <ymin>386</ymin>
            <xmax>511</xmax>
            <ymax>432</ymax>
        </bndbox>
    </object>
    <object>
        <name>D01</name>
        <pose>Unspecified</pose>
        <truncated>0</truncated>
        <difficult>0</difficult>
        <bndbox>
            <xmin>453</xmin>
            <ymin>424</ymin>
            <xmax>600</xmax>
            <ymax>535</ymax>
        </bndbox>
    </object>
</annotation>