<annotation>
    <folder>Ichihara</folder>
    <filename>Ichihara_20170929095535.jpg</filename>
    <size>
        <width>600</width>
        <height>600</height>
    </size>
    <segmented>0</segmented>
    <object>
        <name>D44</name>
        <bndbox>
            <xmin>414</xmin>
            <ymin>383</ymin>
            <xmax>596</xmax>
            <ymax>586</ymax>
        </bndbox>
    </object>
    <object>
        <name>D00</name>
        <bndbox>
            <xmin>68</xmin>
            <ymin>470</ymin>
            <xmax>244</xmax>
            <ymax>594</ymax>
        </bndbox>
    </object>
</annotation>