<annotation>
    <folder>Ichihara</folder>
    <filename>Ichihara_20170929100152.jpg</filename>
    <size>
        <width>600</width>
        <height>600</height>
    </size>
    <segmented>0</segmented>
    <object>
        <name>D44</name>
        <bndbox>
            <xmin>7</xmin>
            <ymin>445</ymin>
            <xmax>215</xmax>
            <ymax>599</ymax>
        </bndbox>
    </object>
    <object>
        <name>D00</name>
        <bndbox>
            <xmin>287</xmin>
            <ymin>434</ymin>
            <xmax>328</xmax>
            <ymax>543</ymax>
        </bndbox>
    </object>
</annotation>