<annotation>
    <folder>Ichihara</folder>
    <filename>Ichihara_20170929095935.jpg</filename>
    <size>
        <width>600</width>
        <height>600</height>
    </size>
    <segmented>0</segmented>
    <object>
        <name>D00</name>
        <bndbox>
            <xmin>339</xmin>
            <ymin>386</ymin>
            <xmax>400</xmax>
            <ymax>461</ymax>
        </bndbox>
    </object>
    <object>
        <name>D44</name>
        <bndbox>
            <xmin>459</xmin>
            <ymin>430</ymin>
            <xmax>600</xmax>
            <ymax>560</ymax>
        </bndbox>
    </object>
    <object>
        <name>D00</name>
        <bndbox>
            <xmin>71</xmin>
            <ymin>464</ymin>
            <xmax>260</xmax>
            <ymax>592</ymax>
        </bndbox>
    </object>
    <object>
        <name>D00</name>
        <bndbox>
            <xmin>272</xmin>
            <ymin>418</ymin>
            <xmax>338</xmax>
            <ymax>592</ymax>
        </bndbox>
    </object>
</annotation>