<annotation>
    <folder>Ichihara</folder>
    <filename>Ichihara_20170929101210.jpg</filename>
    <size>
        <width>600</width>
        <height>600</height>
    </size>
    <segmented>0</segmented>
    <object>
        <name>D44</name>
        <bndbox>
            <xmin>48</xmin>
            <ymin>458</ymin>
            <xmax>225</xmax>
            <ymax>600</ymax>
        </bndbox>
    </object>
    <object>
        <name>D00</name>
        <bndbox>
            <xmin>498</xmin>
            <ymin>452</ymin>
            <xmax>600</xmax>
            <ymax>546</ymax>
        </bndbox>
    </object>
    <object>
        <name>D00</name>
        <bndbox>
            <xmin>244</xmin>
            <ymin>463</ymin>
            <xmax>432</xmax>
            <ymax>600</ymax>
        </bndbox>
    </object>
</annotation>