<annotation>
    <folder>Ichihara</folder>
    <filename>Ichihara_20170929094739.jpg</filename>
    <size>
        <width>600</width>
        <height>600</height>
    </size>
    <segmented>0</segmented>
    <object>
        <name>D20</name>
        <bndbox>
            <xmin>406</xmin>
            <ymin>396</ymin>
            <xmax>600</xmax>
            <ymax>596</ymax>
        </bndbox>
    </object>
    <object>
        <name>D20</name>
        <bndbox>
            <xmin>172</xmin>
            <ymin>402</ymin>
            <xmax>323</xmax>
            <ymax>598</ymax>
        </bndbox>
    </object>
</annotation>