<annotation>
    <folder>Ichihara</folder>
    <filename>Ichihara_20170929100140.jpg</filename>
    <size>
        <width>600</width>
        <height>600</height>
    </size>
    <segmented>0</segmented>
    <object>
        <name>D00</name>
        <bndbox>
            <xmin>253</xmin>
            <ymin>394</ymin>
            <xmax>334</xmax>
            <ymax>483</ymax>
        </bndbox>
    </object>
    <object>
        <name>D44</name>
        <bndbox>
            <xmin>406</xmin>
            <ymin>376</ymin>
            <xmax>595</xmax>
            <ymax>533</ymax>
        </bndbox>
    </object>
    <object>
        <name>D44</name>
        <bndbox>
            <xmin>24</xmin>
            <ymin>394</ymin>
            <xmax>296</xmax>
            <ymax>591</ymax>
        </bndbox>
    </object>
</annotation>