<annotation>
    <folder>Ichihara</folder>
    <filename>Ichihara_20170929101127.jpg</filename>
    <size>
        <width>600</width>
        <height>600</height>
    </size>
    <segmented>0</segmented>
    <object>
        <name>D00</name>
        <bndbox>
            <xmin>369</xmin>
            <ymin>400</ymin>
            <xmax>441</xmax>
            <ymax>482</ymax>
        </bndbox>
    </object>
    <object>
        <name>D44</name>
        <bndbox>
            <xmin>520</xmin>
            <ymin>486</ymin>
            <xmax>600</xmax>
            <ymax>552</ymax>
        </bndbox>
    </object>
    <object>
        <name>D44</name>
        <bndbox>
            <xmin>1</xmin>
            <ymin>437</ymin>
            <xmax>199</xmax>
            <ymax>594</ymax>
        </bndbox>
    </object>
</annotation>