<annotation>
    <folder>Ichihara</folder>
    <filename>Ichihara_20170929101035.jpg</filename>
    <size>
        <width>600</width>
        <height>600</height>
    </size>
    <segmented>0</segmented>
    <object>
        <name>D11</name>
        <bndbox>
            <xmin>306</xmin>
            <ymin>463</ymin>
            <xmax>582</xmax>
            <ymax>485</ymax>
        </bndbox>
    </object>
    <object>
        <name>D01</name>
        <bndbox>
            <xmin>37</xmin>
            <ymin>430</ymin>
            <xmax>272</xmax>
            <ymax>600</ymax>
        </bndbox>
    </object>
    <object>
        <name>D01</name>
        <bndbox>
            <xmin>267</xmin>
            <ymin>463</ymin>
            <xmax>332</xmax>
            <ymax>588</ymax>
        </bndbox>
    </object>
</annotation>