<annotation>
    <folder>Ichihara</folder>
    <filename>Ichihara_20170929093814.jpg</filename>
    <size>
        <width>600</width>
        <height>600</height>
    </size>
    <segmented>0</segmented>
    <object>
        <name>D01</name>
        <bndbox>
            <xmin>403</xmin>
            <ymin>383</ymin>
            <xmax>568</xmax>
            <ymax>520</ymax>
        </bndbox>
    </object>
    <object>
        <name>D20</name>
        <bndbox>
            <xmin>112</xmin>
            <ymin>394</ymin>
            <xmax>389</xmax>
            <ymax>594</ymax>
        </bndbox>
    </object>
</annotation>