<annotation>
    <folder>Ichihara</folder>
    <filename>Ichihara_20170929095200.jpg</filename>
    <size>
        <width>600</width>
        <height>600</height>
    </size>
    <segmented>0</segmented>
    <object>
        <name>D44</name>
        <bndbox>
            <xmin>473</xmin>
            <ymin>436</ymin>
            <xmax>600</xmax>
            <ymax>541</ymax>
        </bndbox>
    </object>
    <object>
        <name>D44</name>
        <pose>Unspecified</pose>
        <truncated>0</truncated>
        <difficult>0</difficult>
        <bndbox>
            <xmin>18</xmin>
            <ymin>450</ymin>
            <xmax>213</xmax>
            <ymax>600</ymax>
        </bndbox>
    </object>
</annotation>