<annotation>
    <folder>Ichihara</folder>
    <filename>Ichihara_20170929093605.jpg</filename>
    <size>
        <width>600</width>
        <height>600</height>
    </size>
    <segmented>0</segmented>
    <object>
        <name>D11</name>
        <bndbox>
            <xmin>451</xmin>
            <ymin>559</ymin>
            <xmax>574</xmax>
            <ymax>595</ymax>
        </bndbox>
    </object>
    <object>
        <name>D11</name>
        <bndbox>
            <xmin>444</xmin>
            <ymin>516</ymin>
            <xmax>544</xmax>
            <ymax>544</ymax>
        </bndbox>
    </object>
    <object>
        <name>D11</name>
        <bndbox>
            <xmin>430</xmin>
            <ymin>482</ymin>
            <xmax>518</xmax>
            <ymax>501</ymax>
        </bndbox>
    </object>
    <object>
        <name>D01</name>
        <bndbox>
            <xmin>407</xmin>
            <ymin>456</ymin>
            <xmax>464</xmax>
            <ymax>595</ymax>
        </bndbox>
    </object>
</annotation>