<annotation>
    <folder>Ichihara</folder>
    <filename>Ichihara_20170929092636.jpg</filename>
    <size>
        <width>600</width>
        <height>600</height>
    </size>
    <segmented>0</segmented>
    <object>
        <name>D00</name>
        <bndbox>
            <xmin>179</xmin>
            <ymin>432</ymin>
            <xmax>269</xmax>
            <ymax>598</ymax>
        </bndbox>
    </object>
    <object>
        <name>D44</name>
        <bndbox>
            <xmin>41</xmin>
            <ymin>407</ymin>
            <xmax>275</xmax>
            <ymax>600</ymax>
        </bndbox>
    </object>
    <object>
        <name>D44</name>
        <bndbox>
            <xmin>395</xmin>
            <ymin>379</ymin>
            <xmax>599</xmax>
            <ymax>534</ymax>
        </bndbox>
    </object>
</annotation>