<annotation>
    <folder>Ichihara</folder>
    <filename>Ichihara_20170929092711.jpg</filename>
    <size>
        <width>600</width>
        <height>600</height>
    </size>
    <segmented>0</segmented>
    <object>
        <name>D44</name>
        <bndbox>
            <xmin>416</xmin>
            <ymin>382</ymin>
            <xmax>600</xmax>
            <ymax>582</ymax>
        </bndbox>
    </object>
    <object>
        <name>D00</name>
        <bndbox>
            <xmin>138</xmin>
            <ymin>395</ymin>
            <xmax>320</xmax>
            <ymax>596</ymax>
        </bndbox>
    </object>
</annotation>