<annotation>
    <folder>Ichihara</folder>
    <filename>Ichihara_20170929091952.jpg</filename>
    <size>
        <width>600</width>
        <height>600</height>
    </size>
    <segmented>0</segmented>
    <object>
        <name>D44</name>
        <bndbox>
            <xmin>4</xmin>
            <ymin>407</ymin>
            <xmax>237</xmax>
            <ymax>589</ymax>
        </bndbox>
    </object>
    <object>
        <name>D44</name>
        <bndbox>
            <xmin>392</xmin>
            <ymin>390</ymin>
            <xmax>596</xmax>
            <ymax>569</ymax>
        </bndbox>
    </object>
    <object>
        <name>D00</name>
        <bndbox>
            <xmin>83</xmin>
            <ymin>444</ymin>
            <xmax>246</xmax>
            <ymax>586</ymax>
        </bndbox>
    </object>
</annotation>