<annotation>
    <folder>Ichihara</folder>
    <filename>Ichihara_20170929093810.jpg</filename>
    <size>
        <width>600</width>
        <height>600</height>
    </size>
    <segmented>0</segmented>
    <object>
        <name>D01</name>
        <bndbox>
            <xmin>379</xmin>
            <ymin>377</ymin>
            <xmax>532</xmax>
            <ymax>538</ymax>
        </bndbox>
    </object>
    <object>
        <name>D20</name>
        <bndbox>
            <xmin>24</xmin>
            <ymin>444</ymin>
            <xmax>306</xmax>
            <ymax>600</ymax>
        </bndbox>
    </object>
</annotation>