<annotation>
    <folder>Ichihara</folder>
    <filename>Ichihara_20170929094617.jpg</filename>
    <size>
        <width>600</width>
        <height>600</height>
    </size>
    <segmented>0</segmented>
    <object>
        <name>D44</name>
        <bndbox>
            <xmin>44</xmin>
            <ymin>421</ymin>
            <xmax>247</xmax>
            <ymax>597</ymax>
        </bndbox>
    </object>
    <object>
        <name>D01</name>
        <bndbox>
            <xmin>361</xmin>
            <ymin>378</ymin>
            <xmax>596</xmax>
            <ymax>557</ymax>
        </bndbox>
    </object>
    <object>
        <name>D00</name>
        <bndbox>
            <xmin>310</xmin>
            <ymin>506</ymin>
            <xmax>391</xmax>
            <ymax>599</ymax>
        </bndbox>
    </object>
</annotation>