<annotation>
    <folder>Ichihara</folder>
    <filename>Ichihara_20170929095929.jpg</filename>
    <size>
        <width>600</width>
        <height>600</height>
    </size>
    <segmented>0</segmented>
    <object>
        <name>D44</name>
        <bndbox>
            <xmin>478</xmin>
            <ymin>446</ymin>
            <xmax>600</xmax>
            <ymax>554</ymax>
        </bndbox>
    </object>
    <object>
        <name>D00</name>
        <bndbox>
            <xmin>204</xmin>
            <ymin>437</ymin>
            <xmax>316</xmax>
            <ymax>584</ymax>
        </bndbox>
    </object>
</annotation>