<annotation>
    <folder>Ichihara</folder>
    <filename>Ichihara_20170929091958.jpg</filename>
    <size>
        <width>600</width>
        <height>600</height>
    </size>
    <segmented>0</segmented>
    <object>
        <name>D44</name>
        <bndbox>
            <xmin>386</xmin>
            <ymin>381</ymin>
            <xmax>600</xmax>
            <ymax>575</ymax>
        </bndbox>
    </object>
    <object>
        <name>D44</name>
        <bndbox>
            <xmin>34</xmin>
            <ymin>407</ymin>
            <xmax>253</xmax>
            <ymax>600</ymax>
        </bndbox>
    </object>
    <object>
        <name>D00</name>
        <bndbox>
            <xmin>205</xmin>
            <ymin>390</ymin>
            <xmax>300</xmax>
            <ymax>600</ymax>
        </bndbox>
    </object>
</annotation>