<annotation>
    <folder>Ichihara</folder>
    <filename>Ichihara_20170929091552.jpg</filename>
    <size>
        <width>600</width>
        <height>600</height>
    </size>
    <segmented>0</segmented>
    <object>
        <name>D00</name>
        <bndbox>
            <xmin>215</xmin>
            <ymin>413</ymin>
            <xmax>505</xmax>
            <ymax>591</ymax>
        </bndbox>
    </object>
    <object>
        <name>D44</name>
        <bndbox>
            <xmin>1</xmin>
            <ymin>437</ymin>
            <xmax>204</xmax>
            <ymax>591</ymax>
        </bndbox>
    </object>
</annotation>