<annotation>
    <folder>Ichihara</folder>
    <filename>Ichihara_20170929090605.jpg</filename>
    <size>
        <width>600</width>
        <height>600</height>
    </size>
    <segmented>0</segmented>
    <object>
        <name>D10</name>
        <bndbox>
            <xmin>115</xmin>
            <ymin>461</ymin>
            <xmax>336</xmax>
            <ymax>489</ymax>
        </bndbox>
    </object>
    <object>
        <name>D00</name>
        <bndbox>
            <xmin>262</xmin>
            <ymin>376</ymin>
            <xmax>405</xmax>
            <ymax>598</ymax>
        </bndbox>
    </object>
</annotation>