<annotation>
    <folder>Ichihara</folder>
    <filename>Ichihara_20170929090558.jpg</filename>
    <size>
        <width>600</width>
        <height>600</height>
    </size>
    <segmented>0</segmented>
    <object>
        <name>D00</name>
        <bndbox>
            <xmin>553</xmin>
            <ymin>538</ymin>
            <xmax>597</xmax>
            <ymax>591</ymax>
        </bndbox>
    </object>
    <object>
        <name>D10</name>
        <bndbox>
            <xmin>355</xmin>
            <ymin>489</ymin>
            <xmax>600</xmax>
            <ymax>518</ymax>
        </bndbox>
    </object>
    <object>
        <name>D00</name>
        <bndbox>
            <xmin>192</xmin>
            <ymin>474</ymin>
            <xmax>298</xmax>
            <ymax>547</ymax>
        </bndbox>
    </object>
</annotation>