<annotation>
    <folder>Ichihara</folder>
    <filename>Ichihara_20170929095925.jpg</filename>
    <size>
        <width>600</width>
        <height>600</height>
    </size>
    <segmented>0</segmented>
    <object>
        <name>D44</name>
        <bndbox>
            <xmin>537</xmin>
            <ymin>485</ymin>
            <xmax>598</xmax>
            <ymax>555</ymax>
        </bndbox>
    </object>
    <object>
        <name>D00</name>
        <bndbox>
            <xmin>222</xmin>
            <ymin>450</ymin>
            <xmax>382</xmax>
            <ymax>594</ymax>
        </bndbox>
    </object>
    <object>
        <name>D01</name>
        <bndbox>
            <xmin>440</xmin>
            <ymin>408</ymin>
            <xmax>543</xmax>
            <ymax>483</ymax>
        </bndbox>
    </object>
</annotation>