<annotation>
    <folder>Ichihara</folder>
    <filename>Ichihara_20170929101207.jpg</filename>
    <size>
        <width>600</width>
        <height>600</height>
    </size>
    <segmented>0</segmented>
    <object>
        <name>D44</name>
        <bndbox>
            <xmin>36</xmin>
            <ymin>446</ymin>
            <xmax>244</xmax>
            <ymax>600</ymax>
        </bndbox>
    </object>
    <object>
        <name>D00</name>
        <bndbox>
            <xmin>352</xmin>
            <ymin>430</ymin>
            <xmax>412</xmax>
            <ymax>508</ymax>
        </bndbox>
    </object>
    <object>
        <name>D00</name>
        <bndbox>
            <xmin>468</xmin>
            <ymin>433</ymin>
            <xmax>553</xmax>
            <ymax>508</ymax>
        </bndbox>
    </object>
    <object>
        <name>D00</name>
        <bndbox>
            <xmin>372</xmin>
            <ymin>510</ymin>
            <xmax>473</xmax>
            <ymax>600</ymax>
        </bndbox>
    </object>
</annotation>