<annotation>
    <folder>Ichihara</folder>
    <filename>Ichihara_20170929095720.jpg</filename>
    <size>
        <width>600</width>
        <height>600</height>
    </size>
    <segmented>0</segmented>
    <object>
        <name>D44</name>
        <bndbox>
            <xmin>375</xmin>
            <ymin>370</ymin>
            <xmax>600</xmax>
            <ymax>536</ymax>
        </bndbox>
    </object>
    <object>
        <name>D20</name>
        <bndbox>
            <xmin>163</xmin>
            <ymin>407</ymin>
            <xmax>357</xmax>
            <ymax>590</ymax>
        </bndbox>
    </object>
</annotation>