<annotation>
    <folder>Ichihara</folder>
    <filename>Ichihara_20170929101532.jpg</filename>
    <size>
        <width>600</width>
        <height>600</height>
    </size>
    <segmented>0</segmented>
    <object>
        <name>D01</name>
        <bndbox>
            <xmin>435</xmin>
            <ymin>387</ymin>
            <xmax>558</xmax>
            <ymax>592</ymax>
        </bndbox>
    </object>
    <object>
        <name>D44</name>
        <bndbox>
            <xmin>468</xmin>
            <ymin>475</ymin>
            <xmax>542</xmax>
            <ymax>592</ymax>
        </bndbox>
    </object>
</annotation>