<annotation>
    <folder>Ichihara</folder>
    <filename>Ichihara_20170929092715.jpg</filename>
    <size>
        <width>600</width>
        <height>600</height>
    </size>
    <segmented>0</segmented>
    <object>
        <name>D44</name>
        <bndbox>
            <xmin>378</xmin>
            <ymin>374</ymin>
            <xmax>592</xmax>
            <ymax>569</ymax>
        </bndbox>
    </object>
    <object>
        <name>D00</name>
        <bndbox>
            <xmin>208</xmin>
            <ymin>424</ymin>
            <xmax>314</xmax>
            <ymax>593</ymax>
        </bndbox>
    </object>
</annotation>