<annotation>
    <folder>Ichihara</folder>
    <filename>Ichihara_20170929101038.jpg</filename>
    <size>
        <width>600</width>
        <height>600</height>
    </size>
    <segmented>0</segmented>
    <object>
        <name>D00</name>
        <bndbox>
            <xmin>281</xmin>
            <ymin>376</ymin>
            <xmax>352</xmax>
            <ymax>453</ymax>
        </bndbox>
    </object>
    <object>
        <name>D00</name>
        <bndbox>
            <xmin>188</xmin>
            <ymin>472</ymin>
            <xmax>281</xmax>
            <ymax>600</ymax>
        </bndbox>
    </object>
</annotation>