<annotation>
    <folder>Ichihara</folder>
    <filename>Ichihara_20170929092947.jpg</filename>
    <size>
        <width>600</width>
        <height>600</height>
    </size>
    <segmented>0</segmented>
    <object>
        <name>D01</name>
        <bndbox>
            <xmin>444</xmin>
            <ymin>413</ymin>
            <xmax>515</xmax>
            <ymax>472</ymax>
        </bndbox>
    </object>
    <object>
        <name>D44</name>
        <bndbox>
            <xmin>69</xmin>
            <ymin>410</ymin>
            <xmax>285</xmax>
            <ymax>596</ymax>
        </bndbox>
    </object>
    <object>
        <name>D00</name>
        <bndbox>
            <xmin>246</xmin>
            <ymin>491</ymin>
            <xmax>321</xmax>
            <ymax>592</ymax>
        </bndbox>
    </object>
</annotation>