<annotation>
    <folder>Ichihara</folder>
    <filename>Ichihara_20170929090607.jpg</filename>
    <size>
        <width>600</width>
        <height>600</height>
    </size>
    <segmented>0</segmented>
    <object>
        <name>D10</name>
        <bndbox>
            <xmin>465</xmin>
            <ymin>432</ymin>
            <xmax>600</xmax>
            <ymax>478</ymax>
        </bndbox>
    </object>
    <object>
        <name>D00</name>
        <bndbox>
            <xmin>418</xmin>
            <ymin>492</ymin>
            <xmax>473</xmax>
            <ymax>597</ymax>
        </bndbox>
    </object>
</annotation>